{"cameraMode":{"drawMode":0,"name":"Shaded","section":"Shading Mode"},"sceneLighting":true,"audioPlay":false,"sceneViewState":{"m_AlwaysRefresh":false,"showFog":false,"showSkybox":false,"showFlares":false,"showImageEffects":true,"showParticleSystems":true,"showVisualEffectGraphs":true,"m_FxEnabled":true},"in2DMode":false,"pivot":{"x":-73.69144439697266,"y":1.5733869075775147,"z":13.621829986572266},"rotation":{"x":-0.023329652845859529,"y":0.7080398201942444,"z":-0.02333209663629532,"w":-0.7054815888404846},"size":1.7915661334991456,"orthographic":true}